content,score
mantap,5
"hapus aja limit paylater saya percuma ada juga,ga bisa di gunakan",2
L app! ditanya mau mamam apaaaa? makan resto????? udh ketik menu knp gak MUNCUL MENUNYA AJAAA! NOT HELPING AT ALL! GRAB NOH! LANGSUNG ADA SUGGESTIONS TO MENU!,1
mantap..lokasi tidak lari lagi...,5
Cukup membantu hingga saat ini.,4
Sekalinya erorr menyebalkan dan memuakkan,5
aplikasi mudah digunakan,5
tidak bisa batalkan pesanan yg gak sengaja salah pesan,1
Saran  atau berlakukan.kalau customer nya wanita kasih driver wanita . Kalau customer nya pria kasih driver pria. Biar kalau di cancel driver nya tidak teriak marah marah .rugi waktu dll . Bikin malu di tempat umum .. kalau di ladenin.,1
oke,5
mantap,5
"fix gw ga bkl pinjem gopinjaman lg dan ga bkl memakai aplikasi gojek ! , telat beberapa hari dilunasin udh ga bisa pinjem lg dong ! males ! pdhl baru pertama kali ajuin gopinjam !",1
saya dah lunasin pinjaman saya kenapa pengajuan saya ditolak min..,1
oke,5
promosi mulu lebih2 makan obat. spam muluğŸ˜¡,3
sangat membantu semoga Gojek selalu jaya terus dan bisa bermanfaat untuk orang banyak,5
gojek sangat membantu,4
ok,5
"bagus banget, pokonya aku kalo mesen makanan suka pakai gojek terus, apalagi kalo abis pulang sekolah, pasti nggak jauh dari aplikasi gojek deh",5
mantap promo nya,5
apaan saldo saya tiba2 di potong gara2 di sambungin ke tiktok,1
mantap,5
aneh fitur gosend instan dari tokopedia ko driver bisa membawa lebih dari 1 paket jadi tidak ada prioritas pengiriman,1
hilangkan slottt,1
tolong klk sudah ngasih orderan ambil jauh jangan tiba tiba tercancel sistem dengan alasan tidak mendekat ke resto sedangkan saya sudah dijalan menuju resto bahkan sudah dekat di resto itu bukan 1/2x aja begini tapi sering tolong diperbaiki lagi sistem nya ğŸ™,1
apknya bagus tp tolong donk dj banyakin promonya,4
ok,5
top markotop,5
Apk gojek skrng kalau salah order ga bisa cancel diawal dahal makanan belum disiapin kaya kasih waktu 30 detik jirrr buat orang revisi orderan kalau ga sengaja kepencet,1
aplikasi yang sangat membantu,5
"sangat baik dan terpercaya aman,tepat",5
"bagus, interaktif,",5
memudahkan tranportasi,5
bagus,5
"aneh pembyan bagus gopltr di block di turunin limit, gopjm ga bs dipake, customer yang loyal tidak di maintance dgn baik",4
"nyaman, mantap",5
aplikasi ini berguna,5
Bagus Pelayanan nya ok Maaf Thank's BGT,5
sangat membantu,5
bagus banget,5
Sudah 2 tahun Gopay later gak bisa digunakan lagi tanpa ada alasan yang jelas padahal pembayaran selalu lancar jadi gak minat lagi menggunakan aplikasi ini,1
cukup membantu untuk anak rantau wkwkwk,4
Kenapa?..Sya Belum Bisa Daftar Jdi Mitra Driver Gojek YağŸ™ğŸ¼ğŸ™‚,4
"goride 12 September 2025 jam 14.35. nama ojol ROHIDIN. PLAT B 6441 EYY. saya pesan goride dari Triti ke LIA Depok. untuk anak saya les. pas sampai rumah untuk jemput anak saya, uang ongkos saya bayarkan ke ROHIDIN ini. AKAN TETAPI BARU PERTENGAHAN JALAN BELUM SAMPAI TITIK TUJUAN YAITU LIA DEPOK, ANAK SAYA DITURUNKAN PAKSA. ROHIDIN INI LANGSUNG SAMA DIA. ANAK SAYA TERIAK TERIAK PANGGIL ROHIDIN INI TAPI TIDAK DIGUBRIS. TERPAKSA ANAK SAYA PESAN OJOL LAGI. MOHON GOJEK BACKLIST ROHIDIN INI. S",1
"menaik kan harga, tidak sesuai aplikasi",1
Ok,5
aplikasi yang sangat membantu.,5
drive-in ojek yg ramah dan nyaman,5
"semuanya jadi lebih mudah, terimakasih banyak â˜ºï¸âœ¨",5
good,5
"punya apk di perbaikin dong fitur mapny, lokasi jemputnya mana diarahin ke tempat lain bikin orang dimarahin am gojek babi + bikin telat ae",1
jika tidak ada motor di rumah selalu ada gojek yg membantu saya ğŸŒŸ,5
ok,5
memudahkn,4
membantu kebutuhan saya,5
Gojek mantaap,5
GOOD,1
bgus nyaman harga terjangkau cepatğŸ¤—,5
Good app,5
"Tolong sistem aplikasinya di perbaiki, orderan saya di cancel dg oleh beberapa driver,karena cukup lama tidak dapat driver , akhirnya saya batalkan pencairan dan close aplikasi. Tapi kenapa aplikasinya masih melakukan pencairan driver? dan baru respon stlh saya dpt driver dari aplikasi Maxim. di update sistemnya,sistem Canel order jg harus ada saat pencairan driver,jika terlalu lama tidak dapat/tidak di respon (padahal banyak driver ngumpul di 1 titik) maka customer berhak mengcanel order.",1
"keren yaa, apk ini sering saya pakai buat pulang sekolah tapi kalo apk nya tbÂ² eror terpaksa nunggu panas Â² an dan sekolah juga jauh, nyebelin bgt.",5
alamakkk kenapa gofood minimal belanja potongan ongkir di naikin harus minimal 40 ribu. udah bagus minimal belanja 30 ribu:(,4
sangat membantu,4
nice,5
OK MANTUL,5
"murah, ramah, aman,tepat",5
"pelayanan bagus, Alhamdulillah ojolnya sering dapat yang sopan+baik jaga etika..tapi pernah dapat ojol yg aga kurang sopan jadi tolong di pertimbangkan untuk yang ojol kurang sopan nyağŸ™ğŸ»ğŸ™ğŸ» dan promonya di tingkati lagiğŸ™ğŸ»ğŸ™ğŸ»",5
"untuk gojek, kenapa setiap saya order gofood mapnya selali dibikin jauh ya? sampai saya sering miss komunikasi sama abangnya, dan udah 2 kali saya dpt abang gofood yg kesel perkara nunggu cuma 2 menit, apakah 2 menit itu terlalu lama unt menuggu?",1
"Buat yang belum download aplikasi ini, saranku mending aplikasi Gr*b, lucunya aplikasi gojek, meskipun Kamu langganan tapi tetap kena ongkir, kalau Grab pasti free",1
cool,5
pelayanan cepat rasanya enak,5
sangat manfaat,5
aplikasi mulai GK jelas,1
gojek keren,5
sangat membantu,5
"tolong kasih tau sama CS yg td saya infoin ada masalah di pesanan gofood buat periksa pastiin ke resto, bukan nya di cek malah ngirim jawaban templet, giliran lama pesanan ga jadi2 ilang. tolong kerja yg bener. pesen gofood dua kali lama nya ga wajar di resto, ga bisa chat kmna2, ga bisa batal, tau2 setelah lama batal sendiri toko tutup,",1
bagus,5
"driver nya ramah,,,enak aja buat ngobrol nya",5
kebanyakan driver nya mengecewakan,3
apk ribet,1
sagat puas transaksi cepat no ribet,5
"Tolong adakan hapus rekening yang telah ditambahkan, semakin numpuk semakin berantakan, dan ada rekening yang sekiranya sudah tidak aktif atau sudah tidak berhubungan. Udah bertahun2 loh ini tapi fitur ini belum ada, untuk aplikasi sebesar gojek harusnya ini juga jadi perhatian.",1
kenapa sie aneh bgt..mau beli paket atau pulsa tidak sedia semua,1
suka CPT dpt ordernya,5
saya udah top up. notifikasintransaksi sudah masuk.tp belum muncul di saldo gopay ka,2
good job,5
untuk yang gocar harap di kasih edukasi/pencerahan kalau gak niat jadi mitra hemat mending gak usah jdi driver saya nunggu sampai 30 menit gak dateng2 gak lucu kalau memang tidak bisa jemput atau tidak masuk ongkosnya bilang biar langsung di cancel bukan malah diem di tempat gak jalan di chat gak di respot juara mitra apa kayak gtu,2
driver kebanyakan sopan dan ramah,5
Gojek mantap,5
"aplikasi ojol paling pelit, paling mencekik. ongkir pembeli mahal. ongkos driver terlalu murah. lah terus kalo orang order duitnya kemana dong? lu makan sendiri? rakus memang lu ya. kerja juga kagak. modal bikin apk doang serakah. org yg kerja lu yg nikmati hasilnya. jahanam bgt lu. makan duit yg bukan hak lu. hati"" ga berkah hidup lu developer. mau sekaya apapun lu ga bakal pernah puas ga bakal berkah karna lu makan dri duit org"" yg kerja keras dan lu cuma santai nikmati hasil keringat orang.",1
mayan,4
"yaelah disuruh nunggu sejam kesian loh kalo ad orang yg mesan malam2 buat ke minimarket minimal waktunya 25menit kek atau 18 menit kek klo orang ngespam kirim login, kek gimana yak emang ada yg buka jam 21.00 Alfamart atau Indomaret disuruh nunggu sejam ğŸ˜¹ saran :v waktu tunggu nya jangan berlebihan",3
untuk akurasi pada apk maps nya tolong di perbaiki. soalnya tidak sesuai dengan google maps. nama jalan di maps gojek tidak sesuai dengan nama asli jalan nya.,1
pesan makanan lama banget gara gara gojeknya doang ga dapetÂ²,1
aplikasi busuk susaah dapet driver taiiiii,1
Memudahkan....sipp,5
membantu,5
"Tolong untuk driver pengantar GoFood bisa diperhatikan lagi, sudah beberapa kali makanan saya pesan, sudah nunggu lama, tetapi tidak ada driver yang mengantar.",4
ok mantap,5
good,5
sangat berguna,5
driver yg berpengalaman sopan rute terbaik pokoknya the best lah buat gojek,5
sangat membantu,5
"gojek makin bobrok aplikasinya,",2
"gw ada saran, ga tau di denger atau engga. but ini menurut gw bagus banget buat prevent order fiktif. tambahin fitur auth angka kyk yang di aplikasi luar. jadi si user nanti pas pesen dapet angka yang bisa digunain buat autentikasi orderan ke driver dan disisi driver nanti bakal ngetikin angka dari user buat verifikasi. jadi gaperlu sebut nama pemesan lagi, cukup kode nya aja. kalo misal kodenya ga valid sampe beberapa kali, dianggap orderan tersebut gagal.",4
senang sekali memakai apk gojek,5
"1x dikecewain gosend, bisa2nya salah kirim padahal biasanya lancar jaya... mungkin lagi oleng itu si bapak driver. Selebihnya aman banget... udah dicoba semua dari mulai gofood, gomart, goshop, goride, gocar, top up, tarik tunai(pake aplikasi gopay).. ga ada masalah...",5
"drivernya lambat semua buat ngejemput customer, nunggu 10 menit bahkan 15 menit dan gada hasilnua",1
ok,5
g bisa pke go food. error terus tulisannya rame yg make.,1
ğŸ˜ğŸ˜,5
pokoknya best,5
"pelanggan membayar tarif 18ribu, tp yg di terima driver 6ribu. sangat sangat biadab",1
"konsumen order instan, kenapa dijadikan multi-instan? alhirnya harus menunggu lebih lama. karna gojek nya harus nyari 1 lagi biar sekalian jalanğŸ˜­",1
Terima kasih Gojek ğŸ­,5
oke susah daptar nya..sudah lebih puluhan kali..di upload belum beres juga.,3
"hapus aja aplikasi lu, lama amat dapat gojeknya",1
di gojek bayak promo,5
promonya sudah makin dikit niyyy,4
mantul,5
ini kenapa gabisa beli pulsa ya,5
"topup status berhasil tapi duit ga masuk dihubungi susah , dasar maling",1
terus integrasi hilirisasi seluruh layanan domestik maupun internasional yang ada saat ini menjadi satu,5
joooosss,5
hari ini tanggal 26 september 2025 jam 14.20 di depan suprmarkt superindo pdk lebak bulus jakarta selatan tolong itu manajemen gojek indonesia diajarkan kembali sopan santun ke mitra driver motor nya hari di depan supermarket dekat pdk lebak bulus ada motor driver kondisi jalan raya cukup ramai itu motor dari sebelah kiri jalan tiba tiba akan belok kanan ke arah komplek adhiyaksa lebak bulus saya tidak klakson apa apa tapi mobil yang klaksonin MALAH SAYA DIKATAIN MONYET SAMA ITU DRIVER GOJEK,1
menarik,5
"BAGUS BANGET, DRIVER NYA BAIK POL",5
sippp dehhh,5
mantap,5
gojek sangat membantu hanya saja banyak juga gojek yang tidak ada respon semoga lebih baik lagi ke depannya terimakasih,4
hari ini tumben sy dpet gojek yg ga punya adab..jdi sy pesen gojek tapi gojek yg sy pesan TDK ada respon(chat sy)..dn posisi gojek juga ga gerak.. akhirnya sy cancel dn sy minta anter anak..bgtu kami mo brangkt gojek Dateng sambil bentak2 sy..knpa dicancel dan tetep ngamuk2 dng kalimat yg ga jlas.. KLO posisi gojek gerak ato ga dia chat sy blng tunggu psti sy tunggu..ini udh mo hujan sy butuh cepat.. sy ga pernah ketemu gojek yg model gini asli kasar bngt,3
ongkos,1
"mantap, kasih driver yg terdekat.",5
"saya diintimidasi driver gojek. dia bilang dia tahu rumah, tempat kerja dan akun saya. karena dibilang beri laporan sehingga dia kena sanksi padahal SAYA TIDAK PERNAH KIRIM LAPORAN. LAIN KALI BERI INFO YANG JELAS KEPADA DRIVER ALASAN DIA DISANKSI SUPAYA CUSTOMER TIDAK DIPERSALAHKAN. sebagai perempuan, saya merasa tidak aman. saya berencana tutup akun gojek sebagai penyelesaian. tks. ğŸ™",1
okok,5
"udah mesan go food, pesanan udah status lagi di siapkan resto, udah lama menunggu, sampai 2 jam ee malah di cancel sama gojek nya.. ini buat asam kumat aja",1
gojek emang hebat,5
ngebug mau login gabisa payahh,1
mudah digunakan,5
makanan nya sering tidak layak makan kdang dana di kembalikan kandang dana tidak dikembalikan heran kenapa klo tidak ad stok yg baru harusnya penjual tidak usah kirim batalin aja buat rugi dan kecewa pembeli .,1
mantap,5
drivernya maling duit jir ğŸ¤­,1
banyak promo,5
"Salah satu moda transportasi andalan di kota saya, Malang, Jatim",5
gojek aplikasi besar klau kasih paylatter yg konsisten lah..saya dah lama pakai ini aplikasi..tiba tiba kena review pay latter nya..pdhal brusaha slalu lancar bayar..kmrin sudah bisa kembali digunakan paylatter nya..pas mau di pakai di blokir lagi..saran saya klau dah kga mau kasih paylatter hapus aj..dan kga usa kasih lagi..saya masi ada pay latter lain nya kok..jgn bikin bete pelangan lah,2
good,5
"mending pake aplikasi sebelah, update mulu promo kaga ada",1
SERING LEMOT ! PAYAH,3
"Smoga bnyk org yg baca. â— JGN melihat rating resto cm dr segi rataÂ² rating ya gais, tapi baca dari reviewnya. Karena driver tu mendominasi performa rating resto, tapi tdk menyebutkan alasannya knp menilai buruk ttg resto. Karena bnyk pemilik resto kerja sambilan menjadi driver dan tidak bertanggungjawab dg rating yg mereka berikan ke resto saingan bisnisnya. hanya untuk menjatuhkan saingannya yang sesama pemilik resto. DEAR pihak GOJEK, saya kira perlu diperbaiki ttg kebijakan ratingnya. trims",5
sangat membantu,5
lambat.,1
membantu sekali,5
mantap banget aplikasi gojek ini,5
"Pelayanan CS nya lambatt, atas nama ellen, saya udh buat lapotan bantuan tapi udah 10 menit gak ada respon apa apa",1
apikasi sampah,1
untuk titik kordinat tidak akurat jika tidak di atur . dn gara2 itu sya jdi cekcok ketika pesan gofood krna titiknya terlalu jauh . tolong untuk d perbaiki agar yg awam seperti saya atau bagi orng yg pertama pakai lbh mudah lgi untuk menentuan titik kordinat secara otomatis .,1
oke,5
"APL GAJELAS , MASA GW GAPESEN APA APA TB"" DTG MKNAN",1
mantab semua tersedia,5
ğŸ‘,1
kendaraannya bersih,5
bagus,5
ngebantu buat pulang atau berangkat aktivitas,5
bagus,5
ok nyaman,5
Good,5
bagus pelayanan sopan. tepat dan komunikasi baik. semoga rejeki nya dilancarkan sehat sell,5
"Atribut, Disiplin & System Cermin Kwalitas. Apk jasa SANGAT TERPERCAYA, terbaik di Indonesia.",5
goodğŸ‘ğŸ»ğŸ‘ğŸ»,5
super mantapp,5
the best,5
aman dan nyaman,5
terimakasih sudah anter depan rumah,5
produk nya jelek enggak jelas banget besok jadi kepala baagi uang yang banyak jangan tidur terlalu banyak nongkrong,1
"bikin kode pake go transite sulit amat. harus menghidupkan GPS , seharusnya tinggal ketik stasiun ke stasiun . kalo waktu mepet gak bisa cetak cepat.",1
"gojek lebih murah dibanding aplkasi lain,cepat dan bagus",5
"dari kemaren saya order tapi cari supir ga ada,,, sampe hari ini,,,,!!!!! ngabisin quota ngabisin batre,,!!!",3
driver ramah,5
"kalau pesan gofood nyari drivernya sudah bgt, udah hampir dua jam nunggu",3
oke bagus,5
kereen ğŸ‘,5
bagus,5
aplikasi mudah nyaman,5
udah w minggu gak bisa buat transaksi apa2,1
Pelayanan baik dan aman.,5
Good Aplikasi...sdh menjadi langganan pakai gojek. sering2 ya ksh promo..ğŸ˜,5
kenapa nggak bisa upragade,5
tolong berikan aku promo agar bisa memakai aplikasi kedepannya,5
"gojek suka aneh,kalo ngasih driver suka jauh dari titik jemput,bikin makan waktu kalo lagi buru buru",3
sangat membantu di saat mau kemana aja,5
lom pernah mengecewaken pokok e,5
Driver malas semua,5
aplikasi tolol promo malah rugikan driver,1
terbaik,5
ok,5
banyaknya diskon nya,5
ok baik,4
"sangat membantu,, drivernya ramah2",5
tiap hari dapet potongan terus Alhamdulillah terimakasih gojekâ™¥ï¸ğŸ˜,5
oke sipp,5
memuaskan,5
bagus,4
muantap,5
dikasih limite paylatter tetapi tidak bisa digunakan. TIDAK JELASSS,1
pokoknya aplikasi ini sangat berguna buat yg lagi mager selanjutnya biarin bintang yang bicara,5
limit dibayar bukannya naek malah turun drastis padahal ga pernah bayar telat. hadeh,1
kntol,1
josssssss,5
aplikasi rusak bisa gopay saya di blokir saldo saya ada da komplain tanggapan nya gak masuk di akal,1
kami sangat terbantu sekali dng keberadaan gojek saat ini..smoga gojek smakin maju&jaya,5
SEMAKIN GO BROOOOOOOKKK.,1
mantapppp,5
bagus sangat memuaskan,5
"untuk saat ini bagus, mudah-mudahan seterusnya",4
makann nya enak udah langganan driver nya datang tepat waktu,5
ğŸ‘ğŸ‘ğŸ‘,5
keren,5
am so happy,5
order gofood pada saat mager sangat membantu sekali tinggal klik dan BayaaaarğŸ˜,5
"kecewa sekali, pesan gocar, driver tidak menjemput saya dan menyelesaikan perjalanan tanpa penumpang, sementara gopay saya terpotong dan tidak dikembalikan, saya sudah buat laporan tapi tidak ada tanggapan dari aplikasi. tidak ada solusi dari kendala saya, setiap kali mengulang pelaporan, tetap saja endingnya transaksi berhasil. padahal sudah saya laporkan bahwa driver tidak menjemput sama sekali, di aplikasi bilang bahwa akan mengembalikan, tapi sudah berhari2 tidak ada penyelesaian.",1
sangat membantu,4
Aplikasi penghisap darah mitra,1
Mantap Gojek,5
"Ketemu Si Abang Yg Mau Muter Agak Jauh, Karena Jalan Blok Komplek Perumahan Yg Gw Tuju Di Portal ğŸ‘",5
gojek sangat membantu sekali,5
"ga bisa ganti alamat saat pesan gofood , ga ada mode keluhan nasabah",1
selama ad go food di bandar Lampung memudahkan untuk pesan makanan apa saja trmksh gojek ğŸ‘,5
mulail hari ini sy mau tutup aplikasinya mau tutup kun ribet. jam 19. 49 tgl25-9-2025 sy tutup,1
"gojek mantap, ada kendala langsung cepat tanggap. pertahankan!",5
"kalo mau komplain kemana ya ka ? soal nya ini ada fitur yang ngga bisa kebuka , padahal saya masih ada yg mesti di bayar",4
"ngasih driver yang jauh jauh, hadehhhhh prematur di mapsnya ada driver dideket kita, tapi pada males kali ngambilnya.. buat perbaikan harus ada fitur pilih driver di deket kita, kalo ditolak berarti drivernya bermasalah.",1
drivernya tidak sopan selalu melanggar lampu merah dan membahayakan pengguna jalan,1
percepat pengemudinya yaa,5
gojek baik sekalii.. pakai gopay selalu murahh love itt,5
sangat membantu bagi saya,5
kenapa fitur GO-RIDE hemat saya hilang ya padahal saya gak ngapa-ngapain loh,4
mantap,5
good,5
good,5
oke,5
paket hilang dan laporan tidak di tanggapi,1
alhamdulillah,5
aplikasi error' titik penjemputan tidak sesuai,1
bagus,5
ok,5
orderan tdk sampai,1
Good ğŸ‘ğŸ‘ğŸ‘ğŸ‘,5
beli ongkir ey lama lama,4
"Aplikasi Ojek Online yang dapat di percaya, drivernya bagus, pelayanannya mantap, kedepannya kalau bisa di upgarde lagi aplikasinya.",5
Memudahkn kita klo lgi mageran,5
"kalo ujan emang susah ya dpt driver nya, dr motor smpe mobil",2
"Kenapa driver pada susah, sering cancel , krim gosend bnyak yg cancel",3
bagus banget aplikasi nyaa,5
"gercep, pengemudinya jga sopan2, mantaplah..",5
bodo bodo diemail apa dijawab apa. saldo gopay tiap hari minus 13rb tanpa ada kejelasan. emang mau bangkurt ini gojek,1
"kemana mana susah lebih mahal karna hemat area kabupaten malang gak ada,,,",1
aman damai,5
barang/dompet saya ketinggalan di mobil pelat mobil W1053XV,2
"kalo kasih titik sesuai alamat dong, elo yg ngaco, malah gw yg di rating jelek sm driver elo. se reseq2nya driver elo, ga pernah gw ksh rating jelek, kasihan, lihat jejak gw dwh di apl, malah gw rajin beri tips, diskonpun gwbatalkan. Driv elo ditanya sih paham, iy emang gojek jk kasih titik ngaco. Lha napa rating gw jelek? Gw ogah pake gojek lagi. Tnyata titik di apl sbelah lbh akurat, lbh murah. Gopay tpd gw alihkan ke dompet digital lain. suami, anak2, temen&sodara, gw arahkan alihkan apl lain",1
bagus,5
"semua kemudahan ada digojek, thanks, simple",5
mantap,5
saldo top up tidak masuk payahh,1
Mantaap,5
"kata gua mah ga usah pake fitur pengantaran express, reguler atau ekonomis dah, ga ada yg bisa menjamin waktu kedatangan. udh pesen express datengnya telat juga, pesen yg ekonomis malah cepet, ga perlu pake fitur ga guna begitu ah",3
bagus,5
tepat waktu,5
sangat membantu,5
sanggat membantu,5
God nice pervek sesuai ekspektasi Semoga jaya trus Gojek NKRI â™¥ï¸â™¥ï¸â™¥ï¸,5
goks,5
ok bagus,5
banyak promo,5
selalu di berikan kemudahan dengan gojek,5
tepat waktu dan amanah,4
ramah ramah drivernya,5
trmksh pak,5
salah top up 1 angka no gopay yg ga aktif. tolong bantu kembalikan uang saya,1
"Nawarin gopay pinjam limitnya masih banyak, udah ngajuin tp ditolak.. gak niat nawarin apa gak ada dana...",1
Pelayanan Gocar nya bagus,5
baca lokasi doang lama amat tolol banget,1
sejak ad gojek kita gak ribet dan cepat urusan yg harus pergi sendiri terbantu oleh gojek,5
sangat membantu,5
Alhamdulillah sangat membantu... banyak diskonnya dan mudah prosesnya...,5
ok,5
bisa gak sih jarak jemput tidak melebihi jarak antar.,5
good pokona mah,5
ok,5
driverya gasopan maps salab. truz gabisa dicacel harga mahal,1
oke fast respon,5
great gojeg,5
bagus,5
tiap hari pakai gojek merasa terbantu untuk ngejar waktu,5
saya puas dengan aplikasi gojek,5
mantap gan,5
Mantap,5
bagus,5
mudah pemasangannya,5
ok,5
sikap driver yg ramah sopan bikin pelanggan makin aman terimakasih pak/Bu untuk driverÂ²ojek online karna kalian kami bisa tepat waktu di setiap tujuan kami sehat selalu untuk kalianğŸ¤ğŸ™ğŸ»ğŸ™ğŸ»ğŸ™ğŸ»,5
sesuai dengan plat nomor aman,5
"semoga sukses slalu,bermangfaat bgi semua orangğŸ‘",5
tolong terima pesenan otomatisnya dimatiin aja. tiap hari pesen gocar dapat driver yang tidak siap anter. jadi buang2 waktu menghubungi driver yg tidak jelas. MERESAHKAN,3
lancar apknya daripada sebelah kebesaran make memory.ini cukup ngirit penyimpanan,5
bagus,5
aplikasinya bagus,5
ok,5
mudah dan simple,5
kalo ada masalah va cepat di tanggapi,1
ok,5
mantap,5
saya sudah ahli membawa motor dan punya SIM,4
membantu tapi sekarang ongkir gojek maha2 trs apalagi gofood,4
murah cepat,5
sudah menunggu 1 jam tiba tiba dibatalkan begitu saja sama apl,1
sudah nyaman aja sama Gojek ğŸ‘,5
"aplikasi gopay pinjam gajelas, saya udah lunasin dari jauh"" hari, udah lgsg ngebom dari 4 bulan sebelum waktunya. giliran saya mau ajuin pinjam lagi malah ditolak. gajelas bgt asli. kecewa sih",3
"dikasi voucher go ride hemat,tapi tidak tersedia goride hemat di area...tolong kak...dibuat lebih bagus lagi promonya....",3
gacorin donk mitra driver gojek,5
bagus,5
aplikasi gojek termurah se-Indonesia,5
terlalu memanjakan castamer..promo jor2an...orang bodoh juga bisa bikin program expayed. costamer itu ibarat semut..semut itu jgn slalu di beri gula..booooidoh,1
bae bat anjay abang nya,5
kecewa tidak merasa ambil pinjaman malah ad riwayat..gak berkah kau nanti ku ingat sampai di akhirat.,1
"menu bantuan ga guna sama sekali, mending di hapus aja menu bantuan.",5
baru pasang,5
selalu tidak direspon keseringan direspon minta buat dicancel... klw malam dan tidak mau ambil olderan jgn diaktifkan... bukan na user disuruh nunggu lama baru chat minta cancel,1
gojek luar biasa bisa diandalkan,5
lemot dia klo buat top up mandiri e money,1
"baguss banget sih, membantu pas lagi bingung cari kendaraan atau nyari makan tapi ga ada Kendaraan",5
"sangat senang dengan aplikasi gojek, memudahkan orang mager kayak saya",5
makin sulit cari nafkah dengan gojek. deiver nambah terus. tidak layak di sebut pekerjaan..,1
ok,5
terpercaya,5
mantap top,5
"aku suka degan aplikasi ini.kemna"" tuh enak, di tmbh suka banyk diskon.sukses slelalu buat aplikasi gojekğŸ™ğŸ™ğŸ¤—â˜ºï¸",5
"Kenapa setiap saya mau pesan makanan di atas Rp300.000 tidak bisa pakai cash? Kalau saya cuma punya cash gimna, masa harus dipaksa top up dulu? Tolong dong di evaluasi lagi...!!",1
Aplikasi ini sangat membantu buat penggunanya,5
"lanjutkan perjuanganmu gojek,, pasti ada jalan buat mensejahterakan driver2nya.",5
mantap,5
"balikin saldo saya, cs nya gaada kejelasan bukannya bantuin malah bikin ribet",1
"aplikasi goblog, aplikasi tolol, kikir, aplikasi tukang korupsi",1
banyak diskonannya,5
mantulity,5
"mudah, praktis dan banyak promo nya",5
Masih Ok di bandingkan dengan transportasi yang lain.,5
membantu sya berpergian,5
tingkatkan pelayanan selalu bersikap adil pada driver dan customer,5
"Aplikasinya makin lama makin berat jadi lemot. Sering susah chat sama driver, pesenan diproses resto jadi lama mungkin karna order masuknya delay.",2
"pencarian alamat online tidak tepat dengan titik koordinat atau driver nya yg kurang pengalaman . sudah bayar mahal mahal ,suruh jemput tempat tetangga beda blok. kimbek lah",1
mantap....,5
ok,5
kurangÂ² in delay apk nyaa,4
praktis,5
ğŸ‘,5
"Harga di aplikasi tidak sama yang di argo, karena pakai Bluebird jadinya bayar dengan harga argo bukan aplikasi",1
membantu sekali,5
keren,5
"saya melakukan pembatalan voucher godine in, tapi saldo refund saya belum masuk sampai skrg tapi di aplikasi tertulis status berhasil. komplain ke customer service tapi ga dikasih solusi. NYEBELIN BANGET.",1
mantap,5
bagus,5
permudah perjalanan,5
perjalanan yg menyenangkan......,5
sangat membantu,5
mantap,5
bagus banget dapet penngemudinya ramahÂ²,5
sangat membantu,5
terbaik sih,5
selalu pakai gojek utk kebutuhan apapun ğŸ¥°,5
gojeknya ramah semua,5
"Lumayan :) yang perlu diperbaiki GPS lokasi mungkin ya biar driver dan yang dijemput bisa langsung sekali informasi bisa ketemu, kadang harus 2 sampai 3 kali memberi arahan driver di titik lokasi penjemputan. Thanks good aplication",4
min katanya emang pungli ya min?ğŸ¤¯,1
aman dan nyaman,5
nice,5
"Tolong perbaiki sistem nya, masa saya pesan beberapa kali bisa double driver, kasihan kan driver nya, datang dua duanya ,sistem sekarang tidak jelas , tahun tahun kebelakang sistem bagus, kenapa sekarang ko kacau sihh",5
bagus,5
"mantap deh gojek, maju truss",5
sangat membatu,5
praktis,5
jossjiss,5
Baik,5
good service,5
cepat tepat,4
Terbaik sukses selalu gojek Indonesia,5
Wntarnarn,5
good job ğŸ‘,5
sangat bermanfaat,5
"gajelas,akun tiba2 di blokir sepihak dan ga ada kepastian,lama lama makin gajelas",1
Mantap,5
bagus,4
"Banyak ribanya, apa-apa serba uang",1
ga bisa masuk app ribet,1
"Habis di update kok jadi susah nentukan titik lokasi penjemputan/pengantaran. Jarak titik semisal sudah tepat di lokasi A tapi nama lokasi yang tertera B, bisa berbeda mungkin 50 meteran ada. Kasihan drivernya!",1
semoga gojek lebih terus berkembang n berinovasi buat driver n pelanggannya agar lebih membahagiakan n bermanfaat lagi,5
mantap,5
mantap,5
udah gak kayak dulu..sekarang melempem Jek.,5
transfortasi yg cukup efesien di kala kita perlu kmn2 g ada kendaraan.. gojek memang mantul..g ada duany dr dulu.. sukses selalu..,5
mantap,5
Gercep,5
sangat bagus pelayanannya,5
mantap,5
Sangat membantu untuk saya yg gak bisa bawa motor,5
tidak sengaja membuat pesanan tidak bisa dibatalkan sama sekali. pdhl langsung komplain minta batalkan tetap tidak bisa.,1
mohon diupdate lagi agar ada bunyi notifikasi chat dari driver.,4
mayan lah buat antar jemput,5
sangat bagus,5
kalau sedang hujan gak ada driver sama sekali,1
"ini aplikasi nyusahin ya, isi saldo dari ewalet kena potongan admin, giliran udah masuk ke gopay masih aja di potong admin, jadi bolak balik ke konter, bikin rugi aja kebanyakan bayar admin",1
bagus,5
download nya lama,1
"pesen gojek setara pakai santet , tiba tiba nasinya ada diperut",5
"Buat konsument/customer yg memesan goride tolong di pahami dan jdikan ada rasa keprimanusiannya. Kebanyakan customer order dan terburu"" se'enak nya censel dengan alasan appun itu. Padahal kalian ga tau betapa pentingnya 1 oerderan yg kalian censel itu. Setelah tercenselnya orderan tsb. Dapat menghambat/sulit bagi kami driver untk mendapat orderan kembali. Karena faktor hal tsb terjdi. Jikalau kalian memiliki rasa ke Primanusiaan alangkah baiknya bicara dengan sopan jika ingin membatalkan orderan",1
"gopay pinjam aneh, aplikasi ga guna",1
tambahin metode bayar pake dana dong min,3
saya sangat kecewa dengan pihak gojek yang dimana saat saya mendatangi kantor gojek untuk mengaktifkan akun gojek saya tidak dijelaskan jika saya mengikuti sistem mjd atau aceng karna saya saat itu belum mengenal ojol sama sekali awalnya saya berusaha untuk narik dengan tidak mengeluh tapi apa jadi nya? motor saya rusak sedangkan hasil dari narik saya tidak mampu mencukupi untuk pembiayaan servis motor saya apakah ini terdengar manusiawi?,1
tipu tipu.. langganan gojek plus malah diskonnya dikurangin.. mending ga usah langganan..,1
baik,5
driver ramah dan sabar,4
good,5
recomandet,4
"sekedar saran aja si buat driver driver, gunakan gogle map dan nyalain map nya supaya bisa ngebaca dan keliatan lagi dimananya posisi nya, apk nya bagus kece parah",5
"halo Gojek, kalau boleh kasih masukan, kalau bisa kasih peringatan untuk melakukan order lebih dari satu, karena kadang customer tidak sengaja melakukan order ulang, karena merasa belum order dan bisa merugikan driver nya..",4
senang sekali,5
memuaskan,5
"belum klik order, malah ngorder sendiri",1
sangat membantu saat butuh ojek,5
bagus,4
"GOCAR T4EK!! KASIH HARGA KE DRIVER PAKE OT4K ajg,, NGANTER 13MENIT BAYAR CUMA 8500 MATANE SUWEK",1
Sudah berapa kali coba login tapi selalu gagal terus alasan data/wifi mati padahal koneksi internet lancar baik data maupun wifi.,2
mantap,5
karya anak bangsa,5
baguss,5
pelayanan cepat dan ramah,5
mantap,5
"aplikasi gajelas, internet nyala dan kuota masih banyak tapi topup keterangan internet tidak menyala, tll emang",1
"saya gak tau sistem anda yang bermasalah atau apa tapi setiap kali saya pesan gojek estimasi 5mnt jadi 7 mnt terus driver gak bergerak"" tolong diperbaiki ya saya telat terus karna ini, saya menggunakan gojek karna katanya salah satu platform online driver terbaik tapi nyatanya mengecewakan",2
terimakasih kepada bapak yg mengantar,5
"saya tidak jadi ganti nomor kerena saya ingat ,tolong bantu ya ?",1
cepat dan murah selalu,5
SAYA SANGAT TERTOLONG SEKALI. TERIMA KASIH GO JEK. KAULAH MITRA PERJALANAN SAYA. TETAP SEMANGAT SELALU SEHAT. SAYA SELALU KASIH BINTANG 5 PADA SEMUA DRIVER LHO... SALAM SEHAT. NUWUNğŸ™ğŸ™ğŸ™ğŸ™ğŸ™,5
"akun saya tiba tiba di blokir dengan alasan penyalahgunaan promo, cs tidak menjelaskan lebih detail penyalahgunaan yang terjadi. apakah salah kita sebagai customer memanfaatkan promo gojek yg ditawarkan di program gojek plus ? kalau customer ga boleh memanfaatkan promo yang ditawarkan ngapain juga gojek bikik program gojek plus dengan benefit promo yg lebih besar ? siap2 kalah sama operator lain",1
sangat membantu sekali ğŸ‘,5
baguss bangett,5
"sdh sangat bagus, namun kadang bingung, biaya penanganan ituu apaaa, kok lbh mahal dr biaya drivernyaaağŸ™ğŸ™",5
"hanya bintang 1 yang pantas umtuk aplikasi ini dalam fitur Go Transit. ingin melakukan Top up gopay untuk pembayaran lewat bank error, muncul notifikasi ""periksa koneksi jaringan Anda"" padahal jaringan saya 5G full bar. karna tidak bisa top up dan melakukan pembelian tiket commuter line di fitur Go transit akhirnya saya ketinggalan kereta dan telat masuk kerja!!",1
qaacw4 22W22$?!+2,2
"Tolong buat pilihan sebelum order, mau lewat jalan tol atau jalan biasa. Agar pilihan jalan oleh sistem, dapat menentukan argonya.",1
sngat membantu,5
pelayanan cepat dan murah,5
caper lg mesen malah suruh updet gtw tempat,1
sayangnya sy blm dapat gopay later lagi,5
"Sangat aman, dalam pemilihan rute, dan sikap driver yang sangat ramah dalam perjalanan. Saya juga menyukai promosi yang berada di gojek, membuat saya lebih hemat dan senang dalam perjalanan ğŸ”¥.",5
mantapp,5
baik,5
sangat membantu dalam keseharian,5
mantul,5
"untuk gofood tolong di perbaiki sistem pencarian drivernya jgn kelamaan hingga 1 jam, beri batasan 15 menit aja Lwt dr 15 menit tdk dpt driver maka batal otomatis, jd customer tdk menunggu lama & resto pun tdk kena imbasnya . Atau kalo perlu di beri notif pemberitahuan kepada customer, ya itu di awal klik pesan makanan di beri tahu bahwa sedang di carikan driver mohon di tunggu ,jgn gambar orang Lg memasak yg berarti Lg di masak, konsekuensinya resto yg kena bila kelamaan mencari driver .",1
top,5
"aplikasi makin ke sini makin gk jelas, akun yang rajin malah jarang di kasih order an, giliran akun yg suka sortil atau cencel selalu masuk order an nya, parahhh",2
good,5
good,5
bagus,5
ok,5
Good ğŸ‘ğŸ‘ğŸ‘,5
dtipernya ramah,5
kita punya stok bang face 2 ituğŸ’¯...3km aja bisa nya maaf ileran lagi ya,1
"ngeselin bgt, udh berenti berlangganan gojek plus tpi tiba' saldo ttp kepotong di bulan berikutnya, pgn bgt ngomong kasar sm apk ini, udh mana berlangganan diskonnya cm dpt 1.500, ga ikhlas bgt, klo ada bintang lebih jelek dri 1 sy bkl ksh apk ini",1
ok,5
bagus,5
Sangat puas,5
sangat bermanfaat,5
"hati"" kalo mau pake paylaternya bunganya cukup besar dan saya alami masa tiap bulan mangkin nambah untuk biaya cicilannya aduh gmana ini",1
mantap,5
skrng lebih suka pakai ne aplikasi..,5
"mantap, GO pay later meningkat dan booking system sdh teratasi.. joss",5
"gojek sdh colaps, habis sdh, mitra bisnis mu banyak yg menaruh dendam, padahal ini cmn sebuah orderan saja, sakit hatinya luar biasa, y gpp klo collaps alias PT ini tutup, maaih byk aolikasi lain, lagian sebagai cystomer saya cm memanfaatkan saja, pt gojek tdk lpenting utk saya, tp macam2 gw tuntut . mau bangjrut kek, mau gaya olintat plintut itu PT gojek, masa bodo, jjka saya pesan ride, food or other thing selagi ada duit, gw bayar, kasihan sih klo collaps PT gojek, bhk maling x ga.",1
"gimana sih cs gojek ga gercep banget balas laporan saya , hp saya ketinggalan di gocar dan kata driver nya setelah saya dia menarik penumpang, dan kemungkinan besar penumpang yang ngambil ,saya sudah meminta untuk cs gojek untuk kasih nomor hp penumpang kenapa ga di kasih? dan ga di respon dengan cepat, tolong dong bantuannya kenapa kaya gini ?",1
ok,5
sya ngak bisa masuk ke gojek . gagal terus knapa ya. ferivikasi wajah selalu ngx bisa..,2
sangat bermanfaat,5
gojeknya tepat waktu... terimakasih ya mas gojek,5
"service cepat, nyaman sampai tujuan. Terimakasih Gojek",5
baik.,5
"Gojek selalu jadi andalan, gak pernah pakai aplikasi lainnya. Setia terus sama ini aplikasi. Terima kasih gojek sudah mempermudah hariÂ²ku. ğŸ‘ğŸ‘ğŸ‘",5
hp yang sama. orang yang sama tetep aja gak bisa masuk mesti sudah melakukan vermuk. gak ada solusi. najis,1
try again,5
pelayanan nya bagus cepat,5
like this,5
bagus,5
untuk promo udah dikit,4
cuan aplikasi terlalu besar.. bahkan 50-60% dari harga asli makanan nya,1
kereeeeen,5
apelikasi yang sangattt.....BAGUSSS,5
snggt membantu.,5
mantabbb dan cepet,5
terimakasih pak gojek..,5
sangat baik,5
ğŸ‘ŒğŸ‘Œâ¤ï¸â¤ï¸,5
sering sering banyakin promo dong ğŸ˜†ğŸ˜†ğŸ˜†,5
ok,5
"GAK SENGAJA ke klik gofood tbtb kepesen:) mana gabisa di cancel/ganti pembayaran. tolong kedepannya Adain opsi cancel kalo belom 1 menit atau ga 30 detik deh paling cepet. gabisa di cancel diarahin ke cs sama aja ujung""nya gabisa percuma.",1
bguss,5
mantap,5
Baik,4
"makasih gojek sudah menemani masa sekolah saya, dari kelas 1 smk sampai sekarang kelas 2 smk, alhamdulilah selalu dapat driver yang baik dan ramah",5
gooooood,5
mantap dah nih aplikasi,5
mantap,5
"tadi saya naik gojek udah dianterin dari sch ke malioboro dengan plat yang sama. tapi kok setelah sampai, malah muncul lagi driver lain padahal saya tidak mengklik pesan lagi dan kasian drivernya nunggu 15 menit. dan driver yang saya pesen sebelumnya justru malah ga muncul di riwayat pemesanan. sebelumnya driver yang pertama memang sempat ada masalah di map nya sih, jadi aplikasinya dimatiin. tapi di HP saya masih muncul chat dengan driver itu",2
oke,5
tepat waktu,5
masa gopay pinjam ngak bisa bodoh,1
kenapa saya ga bisa pinjam lagi padahal saya gak pernah telat bayar sekalipun,1
pengiriman cepat,5
"semua baik, cuma paket saya hilang pakai gosend . pihak cs tidak membantu",1
mantap,5
"bintang 1000 buat gojek kalo ada mah, untuk pelayanan sangat memuaskan. hari ini aku pesan makanan dan pesenan nya kurang lengkap. responnya sat set dan langsung di refund dong makasihh. semoga selalu konsisten yaaâ˜ºğŸ˜‡",5
"kocak ni driver gojek, ga ada kabar ditanyain dimana ga di jawab ğŸ˜‹",1
hapus aja aplikasinya bg,1
sangat puas penggunaan apk gojek ini sangat efesien dan sangat berguna,5
baik,3
cepat tepat,5
keren,5
"bagus cuman kadang aku pake pengiriman ekspress di gofood itu suka telat 30 menit sampe sejam,nunggunya lama dan estimasi waktunya ngaco katanya tinggal 15 menit aku liat 30 menit kemudian ttep 15 menitt",4
pelayanan yang ramah dan baik,5
"real lebih bagus gojek dri pada sblh, voucher nya selalu ada setiap saat mau beli, fav bgt",5
pengantaran tepat waktu,5
tidak ada promo ya,1
Sip gojek pasti ada jalan dan gojek slalu di hati,5
suka banyak promonya apalagi koin gopay nya bisa dapat potongan harga mweheheheh,5
mantab,5
cepat,5
okke,5
"bintang 4 aja , buat driver makanan sama gocar sering gapunya kembalian .",4
ğŸ‘,5
best banget,5
ribet mau tf hrus plus,1
bagus,5
ğŸ‘ğŸ» okee,5
aplikasi kurang bagus,1
Go Food ğŸº,5
swipp dah,5
sippppppppppp,5
inbox kalo ada loker,4
keren,5
"gojek makin kesini titik mapsnya makin buruk dan jelek ya, ga tepat loh. bedanya jauh sekali pastikan kamu memberi ijin lokasi? ya jelas lah saya beri ijin. bodoh banget respon anda",2
mantaf,5
"Mengutamakan keinginan, keamanan dan keselamatan pelanggan",5
sangat membantu,5
bagus,5
Alhamdulillah semenjak saya tida punya motor apk ini sangat membantu,5
"Coba tolong di update lagi yang lebih baik, supayakita sebagai customer bisa memilih jalan yg kita mau dan berikan harga sesuai yg ada di jalannya, supaya kita tidak ada kendala dalam perjlanan bersama driver, dan juga tambahkan tanpa tol kalo bisa supaya kita sebagai customer tidak ingin melewati tol setiap kali saya memesan gocar selalu ada saja lewat tol, mohon lebih update lagi banyak fitur lagi supaya kita bisa leluasa enak untuk memakai aplikasi ini, terima kasih",1
keren,5
lebih murah dibanding jasa sebelah,5
ok,5
bagus,5
"mulai hari ini saya uninstall gojek, karena tidak ada sistem pembatalan untuk orderan tidak sengaja terpencet. mana aplikasinya lemot, gampang kepencet",1
"agak kecewa sama fitur go transitnya, saya berharap di perbaiki lagi jadwal kedatangan sama jadwal di apk gotransitnya, bayangin aja, yang seharusnya jam 7.10 Dateng, nggak taunya dah berangkat dari jam 7.07 tekor dah jadinya naik gojek buat ke tempat kerja, belum lagi Dateng telat jadinya, hilang dah 60ribu gua, di perbaiki lagi, dan kalo bisa jarak jam keberangkatannya jangan jauh-jauh, masa dari arah Jakarta ke nambo tiap 1 jam sekali, itu nggak rispek. terimakasih",4
good,5
"Kasih promo alfamart/gomart,tokopedia dll..",4
kenapa kalau pakai goraid hemat dapat driver nya sampai 3 kilo jauh nya sehingga saya telat untuk sekolah mohon di perbaiki aplikasi ini,2
"kenapa di daerah bandar lampung, rute yang ditunjukkan oleh maps rute terjauh sehingga biaya lebih besar, padahal ada belokan yg dekat tetapi ditujukan ke belokan/putar arah terjauh hingga lebih dari 2 KM, jika butuh foto rute siap saya kirimkan, dan hal ini pernah saya email ke cs gojek. tapi nihil",3
familiar,5
saya suka,5
"suka banget pakai gojek, banyak fiturnya",5
ok,5
mengatasi masalah tanpa kendala ğŸ¥°,5
mantabğŸ«°ğŸ‘ğŸ‘,5
"driver nya selalu jauh, apk nya tidak merespon keluhan dari pelanggan 1",1
"aplikasinya bagus, tapi tolong perbaiki atau tegur gojek yang ga bersikap sopan.",4
w we wwweew SE wwwwwwwwwwwwwwwwwwwe,2
on time.,5
tetap bejalan mengikutin aturan,5
tak kasih bintang 2 dulu saya pelanggan gojek tapi bulan ini harganya melambung tinggi ngga bisa lagi langganan,2
slalu puas dengan pelayanan gojek,5
mantap banyak diskon. dan mudah di pakai.,5
"hello .. sy dl prnh pke gopinjam,, dn pas mau aktifin lg ga bs! pdhl sy sdh ga pny hutang! dan sy mau hapus aj akun gopinjamny,, setelah d cek log in kembali msh sama kondisiny! gimana sih! ga bs d aktifin tp ga bs d hapus juga akunny!",2
"aplikasi saya masih di bekukan.ini di bekukan yg ketiga kali. kalian yg kasih qt driver jauh2, padahal banyak yg dekat2, qt butuh buru2, masa harus di tungguin? okelah ditungguin, tapi tau2 drivernya minta cancel, juga kdg mrk cancel sendiri.saya sering kasih tips, sering isi gopay krn anak2 saya aktif pake gojek.koq begini timbal baliknya. udah mau seminggu tolong deh min balikkin gopay saya 200an biar saya uninstall aplikasi dan cari solusi lain yg lebih membantu keseharian kami.",1
"sekarang gojek sangat jarang sekali buat kasih promo di gofood. Terlalu banyak rules buat dapetin promo, contoh harus bayar pake pay later/cc. Tolong adain promo banyak lg kaya dulu dan aturan o pembayarannya ga harus yg pnya cc/pay later.",2
bagusa,5
pelayanan sat set,5
ok,5
mantap,5
"hp saya pernah tertinggal di go car, sopirnya jujur dan menyerahkan hp saya ke kantor gojek. terimakasih",5
good,5
gue banget dengan aplikasi iniğŸ‘,5
"saya coba pesan makanan ,diterimah sama pihak restaurantnya(dalam status) saya disuruh menunggu sekitar 45 menitan .saya cek lagi di waktu yang telah ditentukan aplikasi ,tiba2 statusnya bilang makanan yang kamu pesan habis .aplikasinya jelek",1
Bgus,5
mudah mengunakannya,5
sangat bagus,5
nice,4
good performance ğŸ‘ğŸ»ğŸ‘ğŸ»ğŸ‘ğŸ»ğŸ‘ğŸ»,5
Ok,3
top up terlalu lama,1
"permasalahan saya diatasi dengan cepat, untuk itu saya ingin merubah memberian ranting pada driver gimana caranya. tolong bantu saya.",5
mantab..,5
mantap,5
Lumayan bagus,5
luar biasa nyaman,5
seneng dan aman,5
Sangat senang pakai gojeg ğŸ‘ğŸ‘,5
jossss. terbaik,5
"Bagus karna terbantu di kondisi manapun, tapi penentuan tarif buat mobil dan motor saat hujan gak adil. Sy bukan rider, sy cuma penumpang. Kalau hujan, harusnya bukan mobil yg naik 3 kali lipat tarifnya, kemahalan. Paling gak motor aja yg dinaikin tarif kalau hujan, tapi bukan 3 kali lipat, tambahin aja 5rb gitu udah cukup. Tarif buat gocar atau mobil mah bikin kita setengah mati bayarnya. Udah gitu kita biasanya yg pengguna gojek biasanya orang-orang yg gak ada kendaraan.",5
nice,5
sangat baik,5
over all ok.,5
kak untuk pendaftaran'nya apakah masih di buka kak mohon untuk di balas terima kasih,3
cepat dan tepat waktu ğŸ˜ŠğŸ‘ğŸ‘ğŸ‘,5
mantaf,5
"hemat, cepat akurat",5
sangat membantu,5
ok,5
bagus,5
oke di bandingkan grab,5
membantu sekali,5
"Mau beli makan aja harus nunggu 1 jam, dapat driver tau dimana gak kelihatan dah bayar mahal2 lama, belom lagi antar paket juga lama, pesan yg instan biar cepat malah masuk multiinstan datang 2 sampai 3 jam bru sampai dh bayar ongkir mahal belom biaya lainya ğŸ˜‘ğŸ˜‘",1
enak cepat sampai ketika butuh dadakan,5
mantap,5
tolong dong mesen di gofood bisa sampe 1 jam an lebih di undur lah menit nya terus menerus lama nunggu nya ini giliran komplain hanya bot aja ga membantu banget,5
.sangat membantu ketika kondisi drop tidak bisa kemanaÂ². mau makan tinggal gofood saja,5
"yahh gojek sepi orderan pada pindah ke apk sebelah yang kualitas pelayanan nya lebih baik dan argo yang sesuai buat mitra nya, kalo gojek kebalikan nya pelayanan cs nya buruk dan potongan driver nya besar sekali sampai dibayar cuma Rp 5.000 sehingga banyak mitra yang pada males males an",1
"lemooooottttt sering ngelag, padahal jaringan gak ada kendala",2
bagus,5
cihuyyy,5
"Setelah update apk, sy tdk bisa tulis komentar di rating gofood, hanya bisa kasih bintang saja. Alamat di Gojek tdk bisa update mengikuti Google Map terbaru , seperti apk tetangga. Beberapa kali orderan Gofood sy nyasar ke rumah tetangga karena alamatnya gak update. Promo Gofood yg diberikan juga sangat terbatas.",2
semakin lancar serta selamat di perjalanan...,5
sangat membantu thank you,5
sangat puas,5
Produk anak negri yang banyak promo,5
Jelek tidak dikirim nomor OTP Brensek! Dan tidak bisa memverifikasi nomor hp,1
puas banget,5
skrng jelek banget msa saya cma mau liat makanan di gofood tibaÂ² kepesan dan ngk bisa dibatalin,1
bagus pelayanannya dan terus ditingkatkan,5
baguss,4
"Joss membantu segala jenis transportasi makanan, barang, dan jasa",5
senang klo tarip nya murah ..klo tarip mahal pindah ke Aplikasi sebelah,5
bagus dan sangat membantu,5
"fitur gofood expressnya tipu-tipu, sebelum pesan jaminan 20 menit nyampe, giliran udah dipesan naik sendiri jadi 25 menit, masih aja drivernya telat, tapi karena udah dekat sistemnya deteksi kalo makanan udah nyampe (ntah sengaja biar ga mau ngasih voucher) pdhl drivernya baru nyampe beberapa menit kemudian, terus bisa-bisanya claim kalo pengiriman tepat waktu, mengecewakan perusahaan besar kok ngasih sistem tipu-tipu",1
bagus bagus,5
mantap,5
sangat membantu harga ekonomis,5
"berbagai aktifitas sy pakai gojeg, qris, tranport dll krn mudah cepat dan aman...trima kasih gojeg ğŸ‘ğŸ‘ğŸ‘ğŸ‘ğŸ‘",5
Bagus,5
"biaya perjalanan naik 2x lipat dari biasanya, tidak ada goride hemat lg, padahal rutin tiap pagi pesan goride hemat, mending pesan ojol di aplikasi lainnya aja",1
"makasih udh ada, gojek!!",5
semoga lebih baik lagi,5
"pesen gofood voucher belum dimasukkan, sudah kepencet pesan, dan tidak bisa dibatalkan, sudah mengikuti lewat profil dan cari ""saya perlu membatalkan"" tapi tidak ada pilihan",1
"gojek pliss aku baru beli data internet dri tadi msh dalam proses terussss, in tolong gmnaa",2
gak ada yg amananh driver nya main cancle aja terus,1
mantap,5
mantap,5
sejauh ini pakai gojek enak aja. bintang 5 d buat gojek karena aman,5
Baik dan ramah,5
Nice,5
sering2 disc ojol & taksi,5
sangat mudah saat bertransaksi,5
rumit,1
sipp banyak bgt promo nya,5
"Saya kurangi bintangnya. Disebabkan saya keluhkan dana saldo rekening terkikis untuk bayar pajak PBB. 3 hari kemudian gagal pembayaran. Sudah hubungi CS infonya ""Dana tidak terpotong"" padahal rekening terkuras.. CS slow respon jika masih mengaktifkan keluhan",4
orderan dilepas aja bos kan enak customer ga ada yg kecewa dr pada ditahan tahan buat slot diambil jg ga itu orderan biar rata pendapatan driver,1
"Ada harga, ada khualitas. Gojek the best",5
baguss cepat,5
terimakasih,5
Karana kurangnya kinerja dari sini,1
"suka bngt sm aplikasi ini,simple,td bagus pakek bangetğŸ˜ŠğŸ™ğŸ«°",5
sangat sopan,5
lebih mudah untuk melakukan perjalanan,5
pelayanan memuaskan,5
terlalu mahal ambil untung terlalu besar dari resto ambil untung dari castamer ambil untung dari driver ambil untung lebih besar.. jadi lebih baik gunakan jasa lain cuma bayar ongkir aja,1
"banyak driver gocar jika d pesan sudah dapat diam trus driver ya tidak bergerak dan harus saya yang cancel trus dan akun gojek saya jdi gk bisa pakai promo lgi, tolong d edukasi driver gocar kalian",1
enjoy,5
Min tolong cepet transfer gopinjam anak sy sakit muntah muntah panas tinggi,4
cukup baik. mudahan akan mnjdi lbh baik.,4
Sangat memuaskan,5
"sangat cepat, bagus",5
semoga bermanfaat,4
"gila berlangganan tp mlah vouchernya ga ada harganya, lbih murah gk berlangganan",2
Kalau Isi Gopay Banyak Promonya,5
makin mahal .. sekrang gojeg masa cuma deket doang 14 rb ğŸ¤·â€â™‚ï¸,1
nice,4
aman nyaman,5
selama saya pakai gojek..drivernya baik..ramah..mengutamakan keselamatan penumpang...semangat terus ya gojek...ğŸ«°,5
mantap,5
lemottttttt,1
terbaik pokonyaaa,5
"Solusi terbaik, dari pada nyeker...ğŸ™ğŸ˜‡",5
mantap,5
Sangat membantu,5
ok,5
bgus,5
mantap no ngelag,5
akun GO-PAY saya terblokir saat saya top up GO-PAY,1
Nice application,5
gojek mmg ok pelayanannya,5
ok,5
mantap sekali,5
tingkatkan lagi pelayanan nya,5
sejauh ini baik.Trims.,5
verifikasi mukannya susah banget tolong lah,1
gak jelas apa coba tiap mesen makanan gak pernah ada drivernya aneh,1
aplikasi gada guna,1
bagus,5
sgt bermanfaat,5
menyengkn,5
gopay later gak bisa di pakai. percuma gabung sama tokopedia kalau gopay later nya gak bisa di pakai. sudah ajukan untuk di aktifkan kembali tapi selalu di tolak.,1
mantap bro,5
pelayanan mantap,5
bagus,4
Puas dengan Gojek,5
good,5
membantu banget si aplikasi nya,5
bagus,5
"tiap pesen gofood, kebanyakan di kasih driver2 yg ga aktif, udh lama nunggu tau2nya drivernya di hubungin ga aktifğŸ‘",1
mencari drivernya lama udah driver miskin banyak tingkah delay sampai sejam bikin perut makin sakit,1
"Drivernya jauh jauh, kadang drivernya langsung cancel",4
trima kasih gojeg,5
pesen makanan dak kelar2 mengecewakan,1
pengiriman cepat harga terjangkau,5
mantul.paling bermanfaat,5
bagus,5
terbaik dari semua aplikasi yang ada,5
benerin qris nya cacat banget ngescan butuh waktu lama buang buang waktu,1
keren,5
sering2 kasih diskon ya,5
mantul banget ini apknya memudahkan pemakai dengan maps yang sangat akurat beda dengan apk sebelah yg map nya kurang akurat,5
penjemputan tepat waktu,5
sangat membantu menurut saya apalagi di saat kita lagi malas buat kluar rumah sama lagi malas buat masak ğŸ˜,5
"selalu tidak dapat driver, harus nunggu sampai 3 jam baru pesanan diterima",1
memudahkan,5
"gofood nya udah gak ngotak, biaya diluar harga makanan nya bisa sampai setengah harga makanan bahkan lebih padahal udah pakai voucher promo. sangat mengecewakanğŸ« ",4
"tambahin metode pembayaran pakai Shopeepay, dana dll",5
"Aplikasi yg sangat buruk,gak hujan gak cerah sama aja ,,pesan makanan sdh laper hampir 1jam lebih driver nya gak ada yg mau ambil.. otw uninstal aplikasi gak jelas ini.. klo ada bintang nol sy kasih bintang 00000000",1
pelayanan baik dan memuaskan,5
sangat mudah kemana mana,5
tolong prosedurnya di ketatin masa ga bisa baca maps sih driver nya aneh,4
mantap,5
bagusss,5
mantap,5
mantap,5
maksd kau pas sudah di isi saldo vocer ga bisa di pake balik mahal lagi. MAKSUD KAUUU ???,5
"aku sama keluarga nyari gojek, banyak yanng deket... tapi selalu aja lama banget, udah nunggu 9 menit, sampe 20 menit lebih ga dateng dateng... dichat gaada mau dibales, sampe berkali kali cancelnya.. karena hari makin malem, jadinya gajadi keluar... jangan pake ini guys, mending pindah ke apk lainnya.",1
memudahkan,5
bagus,5
cepat dan ramah,5
satset,5
gopay kenapa gangguan mulu di saat ingin melakukan pembayaran selalu loading lama padahal jaringan wifi lancar dan saldo cukup,1
"aplikasi tolol ganti nmor hp,gak bisa login krena email lama udh terdftar dngan nmor hp lama",1
kemanapun dan di menampun. gak bakalan ribet deh kalo ada gojek simpel sat set dan mudah di dapat di daerah mana saja bahkan di pelosok desapun sekarang udh ada gojek. mantap deh,5
best,5
masalah dobel order itu sering muncul.emng ga pake bensin ke almt tjuan.tiba2 ngomong dobel order.maen cancel aja.dikira pake air kali bensin nya.coba dong masalah dobel order ini sistem nya dibetulin.udah beberapa kali gua kena dobel order. terlagi maps atau titik lokasi nya kadang ga sesuai..makasih !,1
sangat membantu perjalanan jarak dekat,5
semoga semakin gacor dan untuk mitra selalu diutamakan kesejajteraan nya..trimakasi,5
gojeg bagis,5
bagus,4
ok,5
"pesan goride,,driver jemput nya jauh bgt,,jadi kelamaan nungguğŸ˜¡",1
mantap mas makasih sudah anter smpai tujuan,5
mantap,5
semoga selalu d beri kemudahan saat bertransaksi pakai gopay,5
"Semoga driver bisa memberikan pelayanan yg lebih baik. Salah satu pengalaman kurang menyenangkan buat saya adalah permintaan customer utk pick up di titik jemput yg sebenarnya tidak terlalu jauh dri titik di aplikasi karena kondisi kesehatan customer yg tidak berjalan jauh harusnya bisa dimaklumi oleh driver. Sejauh pengalaman saya menggunakan GoJek, ada saja mitra driver yg seperti ini. Saya sedikit kecewa. Semoga kualitas driver nya bisa ditingkatkan lagi.",3
sangat membantu,5
Sangat membantu aktifitas keluar rumah. Masih harus meningkatkan pelayanan dalam hal hubungan baik antara driver dan penumpang.,5
"qâ¸¸qm.ğŸ™‚aku ey!SSSee boxxim q. ApağŸ—¿ğŸ”¥ğŸ˜ƒ4âƒ£1âƒ£ , ğŸ˜¶",1
"susah memesan makanan dengan sistem gojek skrng nunggu 1 jam lebih tau"" di batalkan, buang"" wktu orng",1
selalu terdepan,5
selama ini dapat driver yang baik,5
mantap,5
oc,5
baik,3
terlalu jual mahal driver mobilnya dan meminta tarif lebih mahal,1
mantap,5
"Membantu tugas saya... Terimakasih Go Jek, maju terus, selalu update. mantabbb",5
utk sementara saya kasih bintang 4 dulu....mohon dengan sangat gojek sesuaikan masalah pelanggan dengan struk harganya ya..... moga diperbaiki....terima kasih,4
Semua pelayanan dari driver memuaskan,5
ok,5
the best,5
"lambat"" kali kalau pesan goshop, yg driver jauh, yg driver kurng uanglah, kadangpun pesan drivernya jauh kali dptnya, bukan yg deket"" toko, tolong lh tingkatkan kinerja klen",2
lama menanggapi laporannya!!!,3
"Seneng, sll dpt driver ramah dr 2023 sampai sekarang",5
semoga makin banyak promonya,5
baik dan aman,5
Mohon diperbaiki titik titik alamat yg sangat tidak sesuai. Menyesatkan sekali. Aplikasi yg tidak mau berbenah. Kasihan para driver dan pencari alamat!!! Gak ada tanggapankan???,1
trimakasih bang sudah mengantar anak saya,5
makasih gojek,5
ğŸ‘ğŸ»kalau bisa harga ongkos nya di murahin terimakasih,5
bagus,5
memuaskan,5
masnya mantep,5
"gojek lebih murah,dan ramah dan sopan",5
tolong ya di beri arahan atau edukasi para driver nya jangan pada banyak kepo urusan customer dan kalo basa basi cukup sewajarnya. terutama buat para sopir gocar.,1
good joob,5
"menurut saya pemimpin skrng terlalu serakah... custumer biaya naik mahal dan di driver malah makin turun.. ingat anda maju dan kuat karena driver ujung tombaknya,klo anda serakah liat aj smua custumer pada pindah ke apk lain",1
Terbaik,5
go top deh,5
sangat puas,5
bagus,5
"senang ada gopay, semua jadi lancar .... kualitas nya harus di tingkat kembali ya....utk ketepatan waktunya.... terimakasih",5
Aplikasi sampah buat pelaporan. ke email dibalas email otomatis. telepon CS muter2 ga ada solusi.,1
sangat bagus,5
Sejauh ini masi bagus,5
Driver cepet datang dan cekatan,5
mantaap,5
sangat membantu,5
"ni aplikasi dari dulu masalah nya di penempatan titik dan gak bener2 (padahal sudah gw pencet ""lokasi terkini"") kalo gw saranin pake aplikasi yang lain aja deh kalo gak mau uang melayang gara2 gak enak sama sesama manusia itu aja sie, pengalaman uang 100k melayang gara2 gak enak sama driver karena nganterin ordenran yang gak sesuai aplikasi dan lokasinya melenceng sangat jauh lucu si kalo piki2 mending Shopee food wkwkkw",1
Good,5
notifikasi yang tidak penting selalu muncul,3
praktis,5
OK,5
gacor,5
good,5
idaman hati ğŸ˜ğŸ¥°ğŸ˜˜,5
"buatlah kayak lalamove, bisa ambil 3 sekali tempat",5
oke,5
pelayanan cepat,5
tingkatkan kecepatan dalam mengantar makanan,5
sangat membantu,5
siiippp,5
"beli makan di gofood aja biaya penanganan setengahnya dari harga makananğŸ˜¤ lebih mahal biaya penanganan, percuma voucher gak berguna ğŸ¤®",1
thankyou,5
driver tidur,1
mantap,5
good,5
siap,5
aplikasi ini untuk bisa pilih pas tunanetra kekurangannya apabila driver sudah dekat tidak ada menginformasikan kurang berapa menit atau sudah sampai tujuan titik jemput,2
sangat membantu terimakasih gojek,5
pesan makan 2x dibatalkan terus sama pihak resto. padahal anak2 udah laper & nunggu sampe ketiduran. padhl udah lama nunggu juga.,1
Aplikasi gak jelas!,1
"aplikasi lontong orang mau cari obat cacar air malah di kasi liat air sama oabat Batuk lontong""",1
pengiriman cepat dan baik,5
banyak bonus keren banget,5
puas banget pke aplikasi ini,5
sangat bagus walau saat malam ad dikit yang bakal ambil pesanan,5
"mantap, jangan bosen kasih diskon n voucher yah ehehe",5
good,5
bagus,5
okeylahh,5
banyak driver yg tidak niat ngambil orderan.. slow respon & kurang attitude.. tolong apabila customer order pilihkan driver terdekat.. tolong ditindak utk para driver yg males & pilihÂ² orderan,1
mempermudah kebutuhan sehari hari,5
"padahal apk gojek tuh bagus banget, apalagi gofood. tapi sayang bgt kenapa setiap gocar yg aku pesen selalu minta uang lebih, misal harga di aplikasi 19k tapi driver nya minta 35k padahal yg awalnya mau aku kasih tip malah jadi kesel gara gara itu, setiap aku pesen gocar pasti drivernya pada minta lebih yg harusnya 80k jadi 150k kenapa harganya gamau sesuai aplikasi",1
terima kasih salut untuk driver penuh dedikasi menunggu sampai orang nya menerima,5
jos,5
Gojek mantap pisan,5
top markotop,5
"Saya merasa terbantu adanya driver ojol (gojek) kemana2 pergi GK binggung,dan selama ini merasa sangat terbantu ğŸ¤² Trimakasih gojek ğŸ™ğŸ‘",5
buruk dalam menyelesaikan masalah dan tidak membantu.,1
good,5
syuuukaaa,5
buruk sekali stiap kita order grab di kasih driver yg jauh babi memang,1
trimakasih atas tanggapan keluhan sayağŸ™,5
amazing always,5
oke,5
banyakin diskon untuk pembelian makanan,5
Kocak,1
Bagus,5
sip lancar cepat,5
oke,5
ğŸ‘,5
ok,5
mantap,5
Nice,5
bagus banget,5
Alhamdulillah Sekarang Cilongok Sudah Masuk Ke Gojek,5
mantap,5
bagus,5
"gampang, sangat memenuhi kebutuhan kalo mau keluar",5
bagus,5
untuk para gojek semangat ya,5
"bagus ,",5
"susah sekali dapat driver gocar wilayah saya ,pdahal saya bayar tetap aj di tolak ,posisi tak balek saat dah dpt saya batalkn pasti marah sikap driverny payah",1
gojek sarang korup. juga masa cs kalau batalin orderan kena Rp 3000. katanya untuk driver tapi driver ga dapat apa apa. 3000 kemana?? driver cuman dapat kata mutiara doang mohon maaf pelanggan membatalkan tiba-tiba orderan.... pretttt,1
mantap,5
banyakin diskonyaaa,5
baik,5
"pengalaman terakhir pakai go car dan go ride ndak ada yg mau ambil orderan, apa karena driver dapatnya tdk sepadan dg biaya dan jaraknya ya, yang gocar dapat 3-4 driver berbeda semuanya membatalkan perjalanan, jadi ya ndak jadi keluar akhirnya. seperti ndak sesuai dg iklan yg selama ini disampaikan.",1
kadang kalo habis masang voucher harganya eror jadi harus mulai ulang aplikasi. tolong perbaikin min.,4
bagus,5
Semoga selalu banyak promo untuk membantu usaha kecilğŸ™ğŸ™,5
"jarak cuma 2,7 KM tapi malah lewat jalan yang jauh sekitar 7 KM dan gabisa pilih jalurğŸ¥² padahal jalur terdekat juga jalan yang ramai.",1
semoga insentif drivernya dinaikan...,5
ini gimana cara verifikasi nyaa siii??? udh coba bbrpa kali tetep gabisaa,1
"Tolong banget kalau bisa alamat untuk goride sama gofood dibedakan. Saya sempat beli makan, gofood otomatis atur alamatnya ke lokasi terakhir saya dijemput goride. Jadinya salah kirim.",3
bagus,5
bagus,5
"sekarang kalau bukan di atur driver di palak driver, pakai nagih untuk berikan tips, mau di berikan atau tidak itu tergantung pelanggan makin ga bener aja driver gojek",1
najis udah ugrade ke gojek plus bukannya tambah hemat malah tambah mahal harga nya gak masuk diakal gak lagi2 deh naik gojek mahal2 gada promo gada diskon kagk bikin happy,1
baik,5
nice,5
sangat ramah dan bapak nya baik terimakasih bapakğŸ™,5
aplikasi nya Oke,5
Sangat berfungsi baik dan bagus,5
gojek sangat membantu,5
sangat membantu terimakasih,5
aplikasi yang memudahkan kita untuk keperluan sehari-hari,5
good layanan dan aplikasi,5
iklan qontol penakÂ² maen game enek iklan malah melbu aplikasi yo opose jancokk,1
gercep,5
ok,5
buat gojek nya bagus ga pernah cansel kali buat go car nya ga suka kebanyakan di cansel sama orang drivernya,3
Banyakin promo,5
eror terus,1
kemanannya bagus gak ribet juga.,5
sangat membantu,5
sangat memudahkan ketika kita sibuk ğŸ™ğŸ™ğŸ™ğŸ™,5
cepat dan tanggap,5
bagus,5
"Anjirr gw mau order ke stasiun malah error, udah siap2 mau berangkat ngampus malah terkendala karena server penuh, fak ternyata kualitas aplikasinya sama aja kek si kuning wkwkwk SENGAJA GW KASIH BINTANG 5 BIAR PADA TAU KUALITAS APLIKASINYA WKWK",5
kenapa hari ini gojek tdk server padat merayap pdahal dipinggir jalan banyak driver ojol menunggu penumpang,4
kalo maintenance jangan pagiÂ² anj,1
lebih mudah,4
Mantep,5
saya lagi buru buru mau pake gotransit malah error,1
"makin mahal aja sekarang, percuma saya langganan gojek plus, ga ada promonya",1
Keren,5
songon na biasa do .Attar Attar hu baen do bintang lima .asa songon na bangga...,5
mantap,5
"sumpah bikin kesel driver nya dia udah depan komplek saya dan saya suruh masuk komplek krn hujan saya gbs ke depan wajar dong permintaan cust ehh marah' dia bentak' saya jir bgttt, seinget saya nama nya edy wibowo sumpah saya kesel bgtt yahh saya posisi buru' tp malah di gitukan, mksd saya kl mmg gamau knp di terima dr awal LOL, saya gapernah kasi bintang 1 selalu saya kasi bintang 5 setiap driver tp ini keterlaluan si bentak' cust, saya jg bayar:))",1
cepet aman,5
tingkatkan pelayanan,5
Biar bintang berbicara,5
gojek the best pokoknya .,5
mantap,5
Bad aplikasi..tanpa pemberitahun paylater di block. Saya tidak pernah telat bayar jauh2 hari sudah melunasi..eh tiba diblock ..alasan ga logis,5
"baik, mudahh",5
"malam min, mohon untuk di buat untuk customer dapat memilih driver laki laki atau wanita karena itu saya berpengaruh dengan saya",5
susah dapet driver,1
pelayanan sangat cept,5
nyaman dan cepat,5
saya mau pesen gofood tibaÂ² ada notif internet mati padahal sinyal full buka aplikasi lain lancar begitu terus Ampe gajadi mesen,2
Mantab. Pelayanan sip,5
"kalau order Goride, kadang iseng2 saya tanya ke pengemudi...., ""gini ini pengemudi dapat berapa pak, ngantar saya ?"". betapa kagetnya ketika pengemudi jawab ""8.400,- pak"" memang tujuan saya Ndak jauh Â± 4km. dalam hati padahal di aplikasi tadi kena 14.000,-. Busyet... POTONGANNYA 5.600,-. Akhirnya begitu turun saya tips 5.000,-",1
"di download dulu hanyar rasai, nyaman pokok nya",5
"udah bagus banget si, cuma gua saran kasih fitur Qris buat pembayaran nya. itu aja si",5
guddd,5
reslon cepat,5
sangat membantu dan murah,5
Selalu bs diandalkan ğŸ˜Š,5
baik,5
penjemputan cepat,5
wow keren...,5
Mantablaaah...ğŸ‘ğŸ‘ğŸ‘ğŸ‘,5
"Mantap Gojeg anti ribet , ada diskonnya",5
terbaik,5
"ugal ugalan semua gojeknya, ada barang berharga malah lecet dan retak",1
saya pesen gojek comfort yg datang malah gojek listrik aneeh banget deh mana lagi ngejar waktu alhasil stop di jalan trus pesen lagi gojek comfort yg baru dpt motor vario! dan juga sering banget klo lagi buruÂ² kejar waktu mau pesen gojek di aplikasi sampe 3 menit udh 10 menit nunggu gojeknya kagak dateng dan malah kadang di cancel tibaÂ² tolong di perbaiki lago dong pelayanannya,1
untuk orang introvert seperti ku gacor sih,5
membantu perjalanan,5
sangat memuaskan,5
ğŸ‘,1
Gojek okey,5
gofood agk naek ongkos ny,4
mantap aplikasinya,5
makin kesini.. makin aneh banget ni aplikasi.. sering banget internet terputus padahal mah wifi lancar aja.. pake data juga gak bisa. parah,1
"sangat puas dengan pelayananya,ramah dan sopan ğŸ™",5
iklan teh meni maksa bjjirrrr,1
kecewa saya pkai gopay pinjam tenor 2bln 1 bln sya lunasi giliran sya darurat pinjam lgi di tolak,3
"update malah lwbih berat u,u",1
"sering banget buat go transit eror, jadi bikin ketinggalan kereta. bikin telat keluar",1
Gojek sekarang tidak sebagus dulu. Pesanan selalu ditolak kalau gofood. Kadang pakai tunai diambil bahkan lebih sering tidak terambil. Pakai gopay selalu dilayani. Bedanya apa ya padahal sama sama dibayar mana pakai express tanpa voucher. Tidak pernah cancel selalu beri bintang 5 bahkan tip ke para driver. Tolong perbaiki hal ini jika Gojek ingin berbenah lebih baikğŸ™ğŸ»,1
"sekarang sulit cari driver gocar harga yg ditentukan dari pihak gojek malah gk diambil2 sama driver sekali diterima, tapi gk direspon driver pas kita cancel, dapat peringatan terlalu banyak cancel padahal kan kita sebagai pengguna jasa mau cepat dapat driver, karna beberapakali gk direspon oleh driver, makanya kita cancel. tolong dong buat pihak gojek lebih diperhatikan lagi mitra2nya",2
"Maaf ya aku kasih bintang 3 sebenarnya aplikasi gojek mahal ongkos nya udah gitu driver nya pada gak ramah""",3
"gangguan di saat yang tidak tepat, always",1
mantap,5
bagus,5
"Suami saya pesan gojek buat anak, tapi begitu dapat gojek ko tiba-tiba gojek sudah sampai dan tombol batal sudah gak bisa dipencet (kayak yang udah ketemu gojek dan udah naik). Padahal liat gojeknya di aplikasi masih jauh ke tempat penjemputan, gak gerak sama sekali. Gimana kalo anak saya gak jadi naik gojek, jadinya dibonceng sama temannya yang pulang 1 arah dan pembayarannya pake gopay? Tolong pihak aplikator diperbaiki dan di tindak lanjuti",1
ok,5
ini ngapa jd kaga bisa beli tiket go transit woi mau balik gue,1
woy kenapa Hari ini 19/09/2025 gak bisa pakai Gotransit..,1
mau masuk akun error terus,1
sangad sangad sangad membantu,5
sistem buruk,1
mantap swkali,5
sangat bagus,5
sangat mudah digunakan,5
good job,5
terpercaya,5
ramah di bnding sebelah kwkwkw,5
josjis,5
aplikasi nya bagus dan membantu banget,5
good,5
terimakasih,5
gak jelas nipu,1
sangat membantu banget pokoknyağŸ«°ğŸ«°ğŸ«°ğŸ«°ğŸ«°ğŸ«°ğŸ«°ğŸ«°ğŸ«°ğŸ«°,5
nyaman,5
ok,5
mantap,5
"baguss, kalo pulang sekola suka naik gojek pastinya. apalagi kalo beli makanan dan minuman, pastinya ke gojekğŸ«°",5
ok,5
bagus banget,5
mantap,5
bagus,5
cepat n tepat,5
oke,5
"sejauh ini sangat membantu,belum mau pake aplikasi lain..tolong go massage diadakan lagi dong",5
Drivernya ramah ramah,5
"mantap ,ğŸ‘ğŸ»ğŸ‘ğŸ»",5
Ok,5
"baguss, banyakinn lagii yaa promo nyaağŸ«°",5
mantap,5
"pengambilan rute, safety drive & kenyamanan serta ramah",5
